<?xml version="1.0" encoding="UTF-8"?>
<jdbc:descriptor wsdlLocation="getAllAvis.sql.wsdl" targetNamespace="urn:intalio.com:connectors:database:sita:getallavisservice" xmlns:jdbc="http://bpms.intalio.com/connectors/jdbc/">
    <jdbc:service name="getAllAvisService">
        <jdbc:operation name="urn:getAllAvis" sqlStatement="select name, identifier, certified from rma_avionic where shift = ? ;" event="false" dynamicCredentials="true" xmlns:urn="urn:intalio.com:connectors:database:sita:getallavisservice">
            <jdbc:input>
                <jdbc:parameter>
                    <jdbc:mode>1</jdbc:mode>
                    <jdbc:name>shift</jdbc:name>
                    <jdbc:type>40</jdbc:type>
                    <jdbc:length>10</jdbc:length>
                    <jdbc:typeName xsi:nil="true" xmlns:xsi="http://www.w3.org/2001/XMLSchema-instance"/>
                    <jdbc:precision>0</jdbc:precision>
                    <jdbc:scale>0</jdbc:scale>
                    <jdbc:nullable>false</jdbc:nullable>
                </jdbc:parameter>
            </jdbc:input>
            <jdbc:filter rowsToSendService="1" rowsToFetch="-1" duration="-PT1S">
                <jdbc:unique scope="none"/>
            </jdbc:filter>
            <jdbc:output>
                <jdbc:column>
                    <jdbc:name>name</jdbc:name>
                    <jdbc:typeName>VARCHAR</jdbc:typeName>
                    <jdbc:precision>30</jdbc:precision>
                    <jdbc:scale>0</jdbc:scale>
                    <jdbc:autoIncrement>false</jdbc:autoIncrement>
                    <jdbc:caseSensitive>false</jdbc:caseSensitive>
                    <jdbc:currency>false</jdbc:currency>
                    <jdbc:definitelyWritable>true</jdbc:definitelyWritable>
                    <jdbc:nullable>true</jdbc:nullable>
                    <jdbc:readOnly>false</jdbc:readOnly>
                    <jdbc:searchable>true</jdbc:searchable>
                    <jdbc:signed>false</jdbc:signed>
                    <jdbc:writable>true</jdbc:writable>
                </jdbc:column>
                <jdbc:column>
                    <jdbc:name>identifier</jdbc:name>
                    <jdbc:typeName>VARCHAR</jdbc:typeName>
                    <jdbc:precision>10</jdbc:precision>
                    <jdbc:scale>0</jdbc:scale>
                    <jdbc:autoIncrement>false</jdbc:autoIncrement>
                    <jdbc:caseSensitive>false</jdbc:caseSensitive>
                    <jdbc:currency>false</jdbc:currency>
                    <jdbc:definitelyWritable>true</jdbc:definitelyWritable>
                    <jdbc:nullable>true</jdbc:nullable>
                    <jdbc:readOnly>false</jdbc:readOnly>
                    <jdbc:searchable>true</jdbc:searchable>
                    <jdbc:signed>false</jdbc:signed>
                    <jdbc:writable>true</jdbc:writable>
                </jdbc:column>
                <jdbc:column>
                    <jdbc:name>certified</jdbc:name>
                    <jdbc:typeName>VARCHAR</jdbc:typeName>
                    <jdbc:precision>3</jdbc:precision>
                    <jdbc:scale>0</jdbc:scale>
                    <jdbc:autoIncrement>false</jdbc:autoIncrement>
                    <jdbc:caseSensitive>false</jdbc:caseSensitive>
                    <jdbc:currency>false</jdbc:currency>
                    <jdbc:definitelyWritable>true</jdbc:definitelyWritable>
                    <jdbc:nullable>true</jdbc:nullable>
                    <jdbc:readOnly>false</jdbc:readOnly>
                    <jdbc:searchable>true</jdbc:searchable>
                    <jdbc:signed>false</jdbc:signed>
                    <jdbc:writable>true</jdbc:writable>
                </jdbc:column>
            </jdbc:output>
        </jdbc:operation>
        <jdbc:port>
            <jdbc:address location="http://localhost:9080/ode/processes/getAllAvisService"/>
        </jdbc:port>
        <jdbc:connection jndiName="java:comp/env/jdbc/">
            <jdbc:databaseProductName>MySql</jdbc:databaseProductName>
            <jdbc:databaseProductVersion>5.0</jdbc:databaseProductVersion>
            <jdbc:driverClass>com.mysql.jdbc.Driver</jdbc:driverClass>
            <jdbc:databaseUrl>jdbc:mysql://localhost:3306/tap</jdbc:databaseUrl>
            <jdbc:databaseName>tap</jdbc:databaseName>
            <jdbc:userName>root</jdbc:userName>
            <jdbc:password xmlns:xsi="http://www.w3.org/2001/XMLSchema-instance">password</jdbc:password>
        </jdbc:connection>
    </jdbc:service>
</jdbc:descriptor>