<?xml version="1.0" encoding="UTF-8"?>
<jdbc:descriptor wsdlLocation="countExistingTAs.sql.wsdl" targetNamespace="urn:intalio.com:connectors:database:sita:countexistingtasservice" xmlns:jdbc="http://bpms.intalio.com/connectors/jdbc/">
    <jdbc:service name="countExistingTAsService">
        <jdbc:operation name="urn:countExistingTAs" sqlStatement="select count(taskid) from tempo_task where id=(select id from tempo_pa where output_xml like ? and not state=1);" event="false" dynamicCredentials="true" xmlns:urn="urn:intalio.com:connectors:database:sita:countexistingtasservice">
            <jdbc:input>
                <jdbc:parameter>
                    <jdbc:mode>1</jdbc:mode>
                    <jdbc:name>like</jdbc:name>
                    <jdbc:type>40</jdbc:type>
                    <jdbc:length>10</jdbc:length>
                    <jdbc:typeName xsi:nil="true" xmlns:xsi="http://www.w3.org/2001/XMLSchema-instance"/>
                    <jdbc:precision>0</jdbc:precision>
                    <jdbc:scale>0</jdbc:scale>
                    <jdbc:nullable>false</jdbc:nullable>
                </jdbc:parameter>
            </jdbc:input>
            <jdbc:filter rowsToSendService="1" rowsToFetch="-1" duration="-PT1S">
                <jdbc:unique scope="none"/>
            </jdbc:filter>
            <jdbc:output>
                <jdbc:column>
                    <jdbc:name>count(taskid)</jdbc:name>
                    <jdbc:typeName>BIGINT</jdbc:typeName>
                    <jdbc:precision>21</jdbc:precision>
                    <jdbc:scale>0</jdbc:scale>
                    <jdbc:autoIncrement>false</jdbc:autoIncrement>
                    <jdbc:caseSensitive>false</jdbc:caseSensitive>
                    <jdbc:currency>false</jdbc:currency>
                    <jdbc:definitelyWritable>false</jdbc:definitelyWritable>
                    <jdbc:nullable>false</jdbc:nullable>
                    <jdbc:readOnly>true</jdbc:readOnly>
                    <jdbc:searchable>true</jdbc:searchable>
                    <jdbc:signed>true</jdbc:signed>
                    <jdbc:writable>false</jdbc:writable>
                </jdbc:column>
            </jdbc:output>
        </jdbc:operation>
        <jdbc:port>
            <jdbc:address location="http://localhost:9080/ode/processes/countExistingTAsService"/>
        </jdbc:port>
        <jdbc:connection jndiName="java:comp/env/jdbc/">
            <jdbc:databaseProductName>MySql</jdbc:databaseProductName>
            <jdbc:databaseProductVersion>5.1</jdbc:databaseProductVersion>
            <jdbc:driverClass>com.mysql.jdbc.Driver</jdbc:driverClass>
            <jdbc:databaseUrl>jdbc:mysql://localhost:3306/tap3</jdbc:databaseUrl>
            <jdbc:databaseName>tap3</jdbc:databaseName>
            <jdbc:userName>root</jdbc:userName>
            <jdbc:password>appear</jdbc:password>
        </jdbc:connection>
    </jdbc:service>
</jdbc:descriptor>