﻿<?xml version='1.0' encoding='UTF-8'?>
<dd:deploy xmlns:dd="http://www.apache.org/ode/schemas/dd/2007/03"><dd:process xmlns:User="http://example.com/process/StartCyclicTAlistExport/User" xmlns:TAlistExport="http://www.intalio.com/gi/forms/TAlistExport.gi" xmlns:xs="http://www.w3.org/2001/XMLSchema" xmlns:TAlistCyclicExport="http://www.intalio.com/gi/forms/TAlistCyclicExport.gi/attachments" xmlns:TAlistCyclicExport1="http://www.intalio.com/gi/forms/TAlistCyclicExport.gi" xmlns:dd="http://www.apache.org/ode/schemas/dd/2007/03" xmlns:diag="http://example.com/process/StartCyclicTAlistExport" xmlns:TAlistToAMI-TAlistExportProcess="http://example.com/process/TAlistToAMI/TAlistExportProcess" xmlns:processimplicitPartner="http://example.com/process/StartCyclicTAlistExport/processimplicitPartner" xmlns:attachments="http://www.intalio.com/gi/forms/TAlistExport.gi/attachments" xmlns:this="http://example.com/process/StartCyclicTAlistExport/process" xmlns:xsi="http://www.w3.org/2001/XMLSchema-instance" name="this:process" fileName="process/StartCyclicTAlistExport-process.bpel">
  <dd:process-events generate="none"/>
  <dd:property name="PATH">process/StartCyclicTAlistExport</dd:property>
  <dd:property name="SVG">process/StartCyclicTAlistExport.svg</dd:property>
  <dd:invoke partnerLink="processimplicitPartnerAndProcessForCanonicPortPlkVar">
    <dd:service name="TAlistToAMI-TAlistExportProcess:CanonicServiceForTAinterface" port="canonicPort"></dd:service>
  </dd:invoke>
  <dd:provide partnerLink="processAndUserForPortTypeProcessPlkVar">
    <dd:service name="this:processAndUserForPortTypeProcessPlkService" port="process_for_UserPort"></dd:service>
  </dd:provide>
</dd:process><dd:process xmlns:fmr="http://www.example.org/FMRupload" xmlns:DC="http://example.com/process/PopulateShiftTAs/DC" xmlns:as="http://www.example.org/assignment" xmlns:xs="http://www.w3.org/2001/XMLSchema" xmlns:SITAservice="http://example.com/process/PopulateShiftTAs/SITAservice" xmlns:dd="http://www.apache.org/ode/schemas/dd/2007/03" xmlns:diag="http://example.com/process/PopulateShiftTAs" xmlns:p="http://www.example.org/prop" xmlns:SITAservice1="http://www.intalio.com/gi/forms/TAmanagement.gi" xmlns:attachments="http://www.intalio.com/gi/forms/ShiftCreationLight.gi/attachments" xmlns:ShiftCreationLight="http://www.intalio.com/gi/forms/ShiftCreationLight.gi" xmlns:this="http://example.com/process/PopulateShiftTAs/Process" xmlns:xsi="http://www.w3.org/2001/XMLSchema-instance" name="this:Process" fileName="process/PopulateShiftTAs-Process.bpel">
  <dd:process-events generate="none"/>
  <dd:property name="PATH">process/PopulateShiftTAs</dd:property>
  <dd:property name="SVG">process/PopulateShiftTAs.svg</dd:property>
  <dd:invoke partnerLink="sITAserviceAndProcessForSITAservicePortPlkVar">
    <dd:service name="SITAservice1:SITAservice" port="SITAservicePort"></dd:service>
  </dd:invoke>
  <dd:provide partnerLink="processAndDCForPortTypeProcessPlkVar">
    <dd:service name="this:ProcessAndDCForPortTypeProcessPlkService" port="Process_for_DCPort"></dd:service>
  </dd:provide>
</dd:process><dd:process xmlns:User="http://example.com/process/UploadFMRinterface/User" xmlns:fmr="http://www.example.org/fmr" xmlns:xs="http://www.w3.org/2001/XMLSchema" xmlns:hil="http://www.example.org/hil" xmlns:dd="http://www.apache.org/ode/schemas/dd/2007/03" xmlns:diag="http://example.com/process/UploadFMRinterface" xmlns:Upload-UploadProcess="http://example.com/process/Upload/UploadProcess" xmlns:tns="http://www.example.org/UploadResponse" xmlns:processimplicitPartner="http://example.com/process/UploadFMRinterface/processimplicitPartner" xmlns:attachments="http://www.intalio.com/gi/forms/uploadFMR.gi/attachments" xmlns:uploadFMR="http://www.intalio.com/gi/forms/uploadFMR.gi" xmlns:this="http://example.com/process/UploadFMRinterface/process" xmlns:xsi="http://www.w3.org/2001/XMLSchema-instance" name="this:process" fileName="process/UploadFMRinterface-process.bpel">
  <dd:process-events generate="none"/>
  <dd:property name="PATH">process/UploadFMRinterface</dd:property>
  <dd:property name="SVG">process/UploadFMRinterface.svg</dd:property>
  <dd:invoke partnerLink="processimplicitPartnerAndProcessForCanonicPortPlkVar">
    <dd:service name="Upload-UploadProcess:CanonicServiceForAppearNetworks" port="canonicPort"></dd:service>
  </dd:invoke>
  <dd:provide partnerLink="processAndUserForPortTypeProcessPlkVar">
    <dd:service name="this:processAndUserForPortTypeProcessPlkService" port="process_for_UserPort"></dd:service>
  </dd:provide>
</dd:process><dd:process xmlns:dd="http://www.apache.org/ode/schemas/dd/2007/03" xmlns:diag="http://example.com/process/NotifToAMI" xmlns:tns="http://ode/bpel/unit-test.wsdl" xmlns:nf="http://www.example.org/notif" xmlns:xs="http://www.w3.org/2001/XMLSchema" xmlns:NotifInterface="http://example.com/process/NotifToAMI/NotifInterface" xmlns:this="http://example.com/process/NotifToAMI/NotifToAMIprocess" xmlns:RMAnotifService="http://example.com/process/NotifToAMI/RMAnotifService" xmlns:xsi="http://www.w3.org/2001/XMLSchema-instance" name="this:NotifToAMIprocess" fileName="process/NotifToAMI-NotifToAMIprocess.bpel">
  <dd:process-events generate="none"/>
  <dd:property name="PATH">process/NotifToAMI</dd:property>
  <dd:property name="SVG">process/NotifToAMI.svg</dd:property>
  <dd:provide partnerLink="notifToAMIprocessAndNotifInterfacePlkVar">
    <dd:service name="this:CanonicServiceForNotifInterface" port="canonicPort"></dd:service>
  </dd:provide>
  <dd:invoke partnerLink="rMAnotifServiceAndNotifToAMIprocessForRMAnotifPortPlkVar">
    <dd:service name="tns:RMAnotifService" port="RMAnotifPort"></dd:service>
  </dd:invoke>
</dd:process><dd:process xmlns:FlightMovementRecord07="__project:///schema/FlightMovementRecord06.xsd" xmlns:fmr="http://www.example.org/fmr" xmlns:TMP="http://example.com/process/Upload/TMP" xmlns:countExistingTAs="urn:intalio.com:connectors:database:sita:countexistingtasservice" xmlns:TokenService="http://example.com/process/Upload/TokenService" xmlns:xs="http://www.w3.org/2001/XMLSchema" xmlns:as="http://www.example.org/assignment" xmlns:DB="http://example.com/process/Upload/DB" xmlns:TMS="http://example.com/process/Upload/TMS" xmlns:TAdata="http://www.intalio.com/gi/forms/TAmanagement.gi" xmlns:b4p="http://www.intalio.com/bpms/workflow/ib4p_20051115" xmlns:hil="http://www.example.org/hil" xmlns:SITAservice="http://example.com/process/Upload/SITAservice" xmlns:AppearNetworks="http://example.com/process/Upload/AppearNetworks" xmlns:dd="http://www.apache.org/ode/schemas/dd/2007/03" xmlns:diag="http://example.com/process/Upload" xmlns:tns="http://www.example.org/UploadResponse" xmlns:TaskManagementSystem="http://www.intalio.com/BPMS/Workflow/TaskManagementServices-20051109/" xmlns:p="http://www.example.org/prop" xmlns:SITAservice1="http://www.example.org/FMRupload" xmlns:this="http://example.com/process/Upload/UploadProcess" xmlns:xsi="http://www.w3.org/2001/XMLSchema-instance" xmlns:TokenService1="http://tempo.intalio.org/security/tokenService/" name="this:UploadProcess" fileName="process/Upload-UploadProcess.bpel">
  <dd:process-events generate="none"/>
  <dd:property name="PATH">process/Upload</dd:property>
  <dd:property name="SVG">process/Upload.svg</dd:property>
  <dd:provide partnerLink="uploadProcessAndAppearNetworksPlkVar">
    <dd:service name="this:CanonicServiceForAppearNetworks" port="canonicPort"></dd:service>
  </dd:provide>
  <dd:invoke partnerLink="uploadProcessAndSITAserviceForSITAservicePortPlkVar">
    <dd:service name="TAdata:SITAservice" port="SITAservicePort"></dd:service>
  </dd:invoke>
  <dd:invoke partnerLink="uploadProcessAndTokenServiceForTokenServiceHttpportPlkVar">
    <dd:service name="TokenService1:TokenService" port="TokenServiceSOAP11port_http"></dd:service>
  </dd:invoke>
  <dd:invoke partnerLink="uploadProcessAndTMPForUserBusinessProcessPortPlkVar">
    <dd:service name="b4p:UserBusinessProcessService" port="UserBusinessProcessPort"></dd:service>
  </dd:invoke>
  <dd:invoke partnerLink="tMsAndUploadProcessForPortTaskManagementServicesSOAPPlkVar">
    <dd:service name="TaskManagementSystem:TaskManagementServices" port="TaskManagementServicesSOAP"></dd:service>
  </dd:invoke>
  <dd:invoke partnerLink="dbAndUploadProcessForCountExistingTAsPortPlkVar">
    <dd:service name="countExistingTAs:countExistingTAsService" port="countExistingTAsPort"></dd:service>
  </dd:invoke>
</dd:process><dd:process xmlns:Interface="http://example.com/process/completeTA/Interface" xmlns:dd="http://www.apache.org/ode/schemas/dd/2007/03" xmlns:diag="http://example.com/process/completeTA" xmlns:TMP="http://example.com/process/completeTA/TMP" xmlns:tns="http://www.example.org/UploadResponse" xmlns:xs="http://www.w3.org/2001/XMLSchema" xmlns:b4p="http://www.intalio.com/bpms/workflow/ib4p_20051115" xmlns:this="http://example.com/process/completeTA/process" xmlns:xsi="http://www.w3.org/2001/XMLSchema-instance" name="this:process" fileName="process/completeTA-process.bpel">
  <dd:process-events generate="none"/>
  <dd:property name="PATH">process/completeTA</dd:property>
  <dd:property name="SVG">process/completeTA.svg</dd:property>
  <dd:provide partnerLink="processAndInterfacePlkVar">
    <dd:service name="this:CanonicServiceForInterface" port="canonicPort"></dd:service>
  </dd:provide>
  <dd:invoke partnerLink="tMpAndProcessForUIFWPortPlkVar">
    <dd:service name="b4p:UIFWService" port="UIFWPort"></dd:service>
  </dd:invoke>
</dd:process><dd:process xmlns:User="http://example.com/process/StartTAlistExport/User" xmlns:dd="http://www.apache.org/ode/schemas/dd/2007/03" xmlns:TAlistExport="http://www.intalio.com/gi/forms/TAlistExport.gi" xmlns:diag="http://example.com/process/StartTAlistExport" xmlns:TAlistToAMI-TAlistExportProcess="http://example.com/process/TAlistToAMI/TAlistExportProcess" xmlns:processimplicitPartner="http://example.com/process/StartTAlistExport/processimplicitPartner" xmlns:xs="http://www.w3.org/2001/XMLSchema" xmlns:attachments="http://www.intalio.com/gi/forms/TAlistExport.gi/attachments" xmlns:this="http://example.com/process/StartTAlistExport/process" xmlns:xsi="http://www.w3.org/2001/XMLSchema-instance" name="this:process" fileName="process/StartTAlistExport-process.bpel">
  <dd:process-events generate="none"/>
  <dd:property name="PATH">process/StartTAlistExport</dd:property>
  <dd:property name="SVG">process/StartTAlistExport.svg</dd:property>
  <dd:invoke partnerLink="processimplicitPartnerAndProcessForCanonicPortPlkVar">
    <dd:service name="TAlistToAMI-TAlistExportProcess:CanonicServiceForTAinterface" port="canonicPort"></dd:service>
  </dd:invoke>
  <dd:provide partnerLink="processAndUserForPortTypeProcessPlkVar">
    <dd:service name="this:processAndUserForPortTypeProcessPlkService" port="process_for_UserPort"></dd:service>
  </dd:provide>
</dd:process><dd:process xmlns:User="http://example.com/process/PurgeTAlist/User" xmlns:PurgeTAlist="http://www.intalio.com/gi/forms/PurgeTAlist.gi" xmlns:xs="http://www.w3.org/2001/XMLSchema" xmlns:TMS="http://example.com/process/PurgeTAlist/TMS" xmlns:Token="http://example.com/process/PurgeTAlist/Token" xmlns:TAdata="http://www.intalio.com/gi/forms/TAmanagement.gi" xmlns:dd="http://www.apache.org/ode/schemas/dd/2007/03" xmlns:diag="http://example.com/process/PurgeTAlist" xmlns:tns="http://tempo.intalio.org/security/tokenService/" xmlns:TaskManagementSystem="http://www.intalio.com/BPMS/Workflow/TaskManagementServices-20051109/" xmlns:attachments="http://www.intalio.com/gi/forms/PurgeTAlist.gi/attachments" xmlns:this="http://example.com/process/PurgeTAlist/process" xmlns:xsi="http://www.w3.org/2001/XMLSchema-instance" name="this:process" fileName="process/PurgeTAlist-process.bpel">
  <dd:process-events generate="none"/>
  <dd:property name="PATH">process/PurgeTAlist</dd:property>
  <dd:property name="SVG">process/PurgeTAlist.svg</dd:property>
  <dd:provide partnerLink="processAndUserForPortTypeProcessPlkVar">
    <dd:service name="this:processAndUserForPortTypeProcessPlkService" port="process_for_UserPort"></dd:service>
  </dd:provide>
  <dd:invoke partnerLink="tokenAndProcessForTokenServiceHttpportPlkVar">
    <dd:service name="tns:TokenService" port="TokenServiceSOAP11port_http"></dd:service>
  </dd:invoke>
  <dd:invoke partnerLink="tMsAndProcessForPortTaskManagementServicesSOAPPlkVar">
    <dd:service name="TaskManagementSystem:TaskManagementServices" port="TaskManagementServicesSOAP"></dd:service>
  </dd:invoke>
</dd:process><dd:process xmlns:UploadResponse="http://www.example.org/UploadResponse" xmlns:HHTupdateService="http://example.com/process/ReceiveHHupdate/HHTupdateService" xmlns:fmr="http://www.example.org/FMRupload" xmlns:TokenService="http://example.com/process/ReceiveHHupdate/TokenService" xmlns:as="http://www.example.org/assignment" xmlns:DB="http://example.com/process/ReceiveHHupdate/DB" xmlns:TMS="http://example.com/process/ReceiveHHupdate/TMS" xmlns:xs="http://www.w3.org/2001/XMLSchema" xmlns:ReceiveUpdateProcessimplicitPartner="http://example.com/process/ReceiveHHupdate/ReceiveUpdateProcessimplicitPartner" xmlns:TAdata="http://www.intalio.com/gi/forms/TAmanagement.gi" xmlns:b4p="http://www.intalio.com/bpms/workflow/ib4p_20051115" xmlns:SITAservice="http://example.com/process/ReceiveHHupdate/SITAservice" xmlns:completeTA-process="http://example.com/process/completeTA/process" xmlns:dd="http://www.apache.org/ode/schemas/dd/2007/03" xmlns:diag="http://example.com/process/ReceiveHHupdate" xmlns:tns="http://ode/bpel/unit-test.wsdl" xmlns:TaskManagementSystem="http://www.intalio.com/BPMS/Workflow/TaskManagementServices-20051109/" xmlns:p="http://www.example.org/prop" xmlns:this="http://example.com/process/ReceiveHHupdate/ReceiveUpdateProcess" xmlns:hht="http://www.example.org/hht" xmlns:xsi="http://www.w3.org/2001/XMLSchema-instance" xmlns:TokenService1="http://tempo.intalio.org/security/tokenService/" name="this:ReceiveUpdateProcess" fileName="process/ReceiveHHupdate-ReceiveUpdateProcess.bpel">
  <dd:process-events generate="none"/>
  <dd:property name="PATH">process/ReceiveHHupdate</dd:property>
  <dd:property name="SVG">process/ReceiveHHupdate.svg</dd:property>
  <dd:invoke partnerLink="receiveUpdateProcessAndTMSForPortTaskManagementServicesSOAPPlkVar">
    <dd:service name="TaskManagementSystem:TaskManagementServices" port="TaskManagementServicesSOAP"></dd:service>
  </dd:invoke>
  <dd:invoke partnerLink="tokenServiceAndReceiveUpdateProcessForTokenServiceHttpportPlkVar">
    <dd:service name="TokenService1:TokenService" port="TokenServiceSOAP11port_http"></dd:service>
  </dd:invoke>
  <dd:provide partnerLink="hHTupdateServiceAndReceiveUpdateProcessForHHTupdatePortPlkVar">
    <dd:service name="tns:HHTUpdateService" port="HHTupdatePort"></dd:service>
  </dd:provide>
  <dd:invoke partnerLink="sITAserviceAndReceiveUpdateProcessForSITAservicePortPlkVar">
    <dd:service name="TAdata:SITAservice" port="SITAservicePort"></dd:service>
  </dd:invoke>
  <dd:invoke partnerLink="receiveUpdateProcessimplicitPartnerAndReceiveUpdateProcessForCanonicPortPlkVar">
    <dd:service name="completeTA-process:CanonicServiceForInterface" port="canonicPort"></dd:service>
  </dd:invoke>
  <dd:invoke partnerLink="dbAndReceiveUpdateProcessForPortTaskManagementServicesSOAPPlkVar">
    <dd:service name="TaskManagementSystem:TaskManagementServices" port="TaskManagementServicesSOAP"></dd:service>
  </dd:invoke>
</dd:process><dd:process xmlns:TokenService="http://tempo.intalio.org/security/tokenService/" xmlns:TMS="http://example.com/process/TAlistToAMI/TMS" xmlns:xs="http://www.w3.org/2001/XMLSchema" xmlns:dd="http://www.apache.org/ode/schemas/dd/2007/03" xmlns:diag="http://example.com/process/TAlistToAMI" xmlns:tns="http://ode/bpel/unit-test.wsdl" xmlns:TaskManagementSystem="http://www.intalio.com/BPMS/Workflow/TaskManagementServices-20051109/" xmlns:TAinterface="http://example.com/process/TAlistToAMI/TAinterface" xmlns:ta="http://www.example.org/ta" xmlns:TAlistService="http://example.com/process/TAlistToAMI/TAlistService" xmlns:this="http://example.com/process/TAlistToAMI/TAlistExportProcess" xmlns:TokenService1="http://example.com/process/TAlistToAMI/TokenService" xmlns:xsi="http://www.w3.org/2001/XMLSchema-instance" xmlns:TAmanagement="http://www.intalio.com/gi/forms/TAmanagement.gi" name="this:TAlistExportProcess" fileName="process/TAlistToAMI-TAlistExportProcess.bpel">
  <dd:process-events generate="none"/>
  <dd:property name="PATH">process/TAlistToAMI</dd:property>
  <dd:property name="SVG">process/TAlistToAMI.svg</dd:property>
  <dd:provide partnerLink="tAlistExportProcessAndTAinterfacePlkVar">
    <dd:service name="this:CanonicServiceForTAinterface" port="canonicPort"></dd:service>
  </dd:provide>
  <dd:invoke partnerLink="tAlistServiceAndTAlistExportProcessForTAlistPortPlkVar">
    <dd:service name="tns:TAlistService" port="TAlistPort"></dd:service>
  </dd:invoke>
  <dd:invoke partnerLink="tAlistExportProcessAndTokenServiceForTokenServiceHttpportPlkVar">
    <dd:service name="TokenService:TokenService" port="TokenServiceSOAP11port_http"></dd:service>
  </dd:invoke>
  <dd:invoke partnerLink="tAlistExportProcessAndTMSForPortTaskManagementServicesSOAPPlkVar">
    <dd:service name="TaskManagementSystem:TaskManagementServices" port="TaskManagementServicesSOAP"></dd:service>
  </dd:invoke>
</dd:process></dd:deploy>