<?xml version="1.0" encoding="UTF-8"?>
<jdbc:descriptor wsdlLocation="storeFMR.sql.wsdl" targetNamespace="urn:intalio.com:connectors:database:sita:storefmrservice" xmlns:jdbc="http://bpms.intalio.com/connectors/jdbc/">
    <jdbc:service name="storeFMRService">
        <jdbc:operation name="urn:storeFMR" sqlStatement="insert into log values (?, ?)" event="false" dynamicCredentials="true" xmlns:urn="urn:intalio.com:connectors:database:sita:storefmrservice">
            <jdbc:input>
                <jdbc:parameter>
                    <jdbc:mode>1</jdbc:mode>
                    <jdbc:name>creationTime</jdbc:name>
                    <jdbc:type>70</jdbc:type>
                    <jdbc:length>0</jdbc:length>
                    <jdbc:typeName xsi:nil="true" xmlns:xsi="http://www.w3.org/2001/XMLSchema-instance"/>
                    <jdbc:precision>0</jdbc:precision>
                    <jdbc:scale>0</jdbc:scale>
                    <jdbc:nullable>false</jdbc:nullable>
                    <jdbc:value>2009-09-01 18:45:39.859</jdbc:value>
                </jdbc:parameter>
                <jdbc:parameter>
                    <jdbc:mode>1</jdbc:mode>
                    <jdbc:name>fmrdata</jdbc:name>
                    <jdbc:type>40</jdbc:type>
                    <jdbc:length>500</jdbc:length>
                    <jdbc:typeName xsi:nil="true" xmlns:xsi="http://www.w3.org/2001/XMLSchema-instance"/>
                    <jdbc:precision>0</jdbc:precision>
                    <jdbc:scale>0</jdbc:scale>
                    <jdbc:nullable>false</jdbc:nullable>
                </jdbc:parameter>
            </jdbc:input>
            <jdbc:filter rowsToSendService="1" rowsToFetch="-1" duration="-PT1S">
                <jdbc:unique scope="none"/>
            </jdbc:filter>
            <jdbc:output>
                <jdbc:column>
                    <jdbc:name>count</jdbc:name>
                    <jdbc:typeName>DECIMAL</jdbc:typeName>
                    <jdbc:precision>10</jdbc:precision>
                    <jdbc:scale>0</jdbc:scale>
                    <jdbc:autoIncrement>false</jdbc:autoIncrement>
                    <jdbc:nullable>false</jdbc:nullable>
                    <jdbc:signed>false</jdbc:signed>
                </jdbc:column>
            </jdbc:output>
        </jdbc:operation>
        <jdbc:port>
            <jdbc:address location="http://localhost:9080/ode/processes/storeFMRService"/>
        </jdbc:port>
        <jdbc:connection jndiName="java:comp/env/jdbc/">
            <jdbc:databaseProductName>MySql</jdbc:databaseProductName>
            <jdbc:databaseProductVersion>5.0</jdbc:databaseProductVersion>
            <jdbc:driverClass>com.mysql.jdbc.Driver</jdbc:driverClass>
            <jdbc:databaseUrl>jdbc:mysql://localhost:3306/fmrlog</jdbc:databaseUrl>
            <jdbc:databaseName>fmrlog</jdbc:databaseName>
            <jdbc:userName>root</jdbc:userName>
            <jdbc:password>password</jdbc:password>
        </jdbc:connection>
    </jdbc:service>
</jdbc:descriptor>