﻿<?xml version='1.0' encoding='UTF-8'?>
<dd:deploy xmlns:dd="http://www.apache.org/ode/schemas/dd/2007/03"><dd:process xmlns:UserBusinessProcess="http://example.com/TMP/UserBusinessProcess" xmlns:UIFW="http://example.com/TMP/UIFW" xmlns:b4px="java:org.intalio.tempo.workflow.processes.xpath.UID" xmlns:xs="http://www.w3.org/2001/XMLSchema" xmlns:b4p="http://www.intalio.com/bpms/workflow/ib4p_20051115" xmlns:NextTaskManager="http://example.com/TMP/NextTaskManager" xmlns:dd="http://www.apache.org/ode/schemas/dd/2007/03" xmlns:UserBusinessProcess1="http://www.intalio.com/bpms/ubp" xmlns:diag="http://example.com/TMP" xmlns:tns="http://www.intalio.com/BPMS/Workflow/TaskManagementServices-20051109/" xmlns:TaskManagementSystem="http://example.com/TMP/TaskManagementSystem" xmlns:this="http://example.com/TMP/TaskManagementProcess" xmlns:PreviousProcessTaskManager="http://example.com/TMP/PreviousProcessTaskManager" xmlns:xsi="http://www.w3.org/2001/XMLSchema-instance" name="this:TaskManagementProcess" fileName="TMP-TaskManagementProcess.bpel">
  <dd:process-events generate="none"/>
  <dd:property name="PATH">TMP</dd:property>
  <dd:property name="SVG">TMP.svg</dd:property>
  <dd:provide partnerLink="tMPAndUBPPlkVar">
    <dd:service name="b4p:UserBusinessProcessService" port="UserBusinessProcessPort"></dd:service>
  </dd:provide>
  <dd:invoke partnerLink="tMPAndUBPPlkVar">
    <dd:service name="UserBusinessProcess1:UserBusinessProcessesServices" port="userProcessPort"></dd:service>
  </dd:invoke>
  <dd:invoke partnerLink="taskManagementProcessAndTaskManagementSystemForPortTaskManagementServicesSOAPPlkVar">
    <dd:service name="tns:TaskManagementServices" port="TaskManagementServicesSOAP"></dd:service>
  </dd:invoke>
  <dd:invoke partnerLink="taskManagementProcessAndPreviousProcessTaskManagerForTMPPortPlkVar">
    <dd:service name="b4p:TMPService" port="TMPPort"></dd:service>
  </dd:invoke>
  <dd:provide partnerLink="taskManagementProcessAndUIFWForUIFWPortPlkVar">
    <dd:service name="b4p:UIFWService" port="UIFWPort"></dd:service>
  </dd:provide>
  <dd:provide partnerLink="taskManagementProcessAndNextTaskManagerForTMPPortPlkVar">
    <dd:service name="b4p:TMPService" port="TMPPort"></dd:service>
  </dd:provide>
</dd:process></dd:deploy>