﻿<bpel:literal xmlns:bpel="http://docs.oasis-open.org/wsbpel/2.0/process/executable" xmlns:wsdl="http://schemas.xmlsoap.org/wsdl/"
    xmlns:b4p="http://www.intalio.com/bpms/workflow/ib4p_20051115"
    xmlns:UIFW="http://thisdiagram/UIFW"
    xmlns:this="http://example.com/TMP/TaskManagementProcess"
    xmlns:tns="http://www.intalio.com/BPMS/Workflow/TaskManagementServices-20051109/"
    xmlns:xs="http://www.w3.org/2001/XMLSchema"
    xmlns:diag="http://thisdiagram"
    xmlns:UserBusinessProcess1="http://www.intalio.com/bpms/ubp"
    xmlns:b4px="java:org.intalio.tempo.workflow.processes.xpath.UID">
<b4p:response>
    <b4p:taskMetaData>
        <b4p:nextTaskId></b4p:nextTaskId>
        <b4p:nextTaskURL></b4p:nextTaskURL>
    </b4p:taskMetaData>
     <b4p:status></b4p:status>
    <b4p:errorCode></b4p:errorCode>
    <b4p:errorReason></b4p:errorReason>
    <b4p:isChainedAfter></b4p:isChainedAfter>
</b4p:response>
</bpel:literal>