﻿<bpel:literal xmlns:bpel="http://docs.oasis-open.org/wsbpel/2.0/process/executable" xmlns:wsdl="http://schemas.xmlsoap.org/wsdl/"
    xmlns:tns="http://www.intalio.com/BPMS/Workflow/TaskManagementServices-20051109/"
    xmlns:xsi="http://www.w3.org/2001/XMLSchema-instance"
    xmlns:diag="http://thisdiagram"
    xmlns:b4px="java:org.intalio.tempo.workflow.processes.xpath.UID"
    xmlns:xs="http://www.w3.org/2001/XMLSchema"
    xmlns:PreviousProcessTaskManager="http://thisdiagram/PreviousProcessTaskManager"
    xmlns:this="http://example.com/TMP/TaskManagementProcess"
    xmlns:b4p="http://www.intalio.com/bpms/workflow/ib4p_20051115"
    xmlns:UserBusinessProcess1="http://www.intalio.com/bpms/ubp"
    xmlns:xml="http://www.w3.org/XML/1998/namespace">
<b4p:notifyTaskCompletionRequest>
    <b4p:taskMetaData>
        <b4p:taskId></b4p:taskId>
        <b4p:taskState></b4p:taskState>
        <b4p:taskType></b4p:taskType>
        <b4p:description></b4p:description>
        <b4p:processId></b4p:processId>
        <b4p:creationDate></b4p:creationDate>
        <b4p:userOwner></b4p:userOwner>
        <b4p:roleOwner></b4p:roleOwner>
        <b4p:claimAction>
            <b4p:user></b4p:user>
            <b4p:role></b4p:role>
        </b4p:claimAction>
        <b4p:revokeAction>
            <b4p:user></b4p:user>
            <b4p:role></b4p:role>
        </b4p:revokeAction>
        <b4p:saveAction>
            <b4p:user></b4p:user>
            <b4p:role></b4p:role>
        </b4p:saveAction>
        <b4p:completeAction>
            <b4p:user></b4p:user>
            <b4p:role></b4p:role>
        </b4p:completeAction>
        <b4p:deferAction>
            <b4p:user></b4p:user>
            <b4p:role></b4p:role>
        </b4p:deferAction>
        <b4p:formUrl></b4p:formUrl>
        <b4p:failureCode></b4p:failureCode>
        <b4p:failureReason></b4p:failureReason>
        <b4p:priority></b4p:priority>
        <b4p:scheduledActions>
            <b4p:expiration>
                <b4p:until></b4p:until>
                <b4p:for></b4p:for>
            </b4p:expiration>
            <b4p:deferActivation>
                <b4p:until></b4p:until>
                <b4p:for></b4p:for>
            </b4p:deferActivation>
        </b4p:scheduledActions>
        <b4p:userEndpoint></b4p:userEndpoint>
        <b4p:userProcessEndpoint></b4p:userProcessEndpoint>
        <b4p:userProcessNamespaceURI></b4p:userProcessNamespaceURI>
        <b4p:userProcessCompleteSOAPAction></b4p:userProcessCompleteSOAPAction>
        <b4p:isChainedBefore></b4p:isChainedBefore>
        <b4p:previousTaskId></b4p:previousTaskId>
        <b4p:nextTaskId></b4p:nextTaskId>
        <b4p:session></b4p:session>
        <b4p:nextTaskURL></b4p:nextTaskURL>
        <b4p:attachments>
            <attachment>
                <attachmentMetadata>
                    <mimeType></mimeType>
                    <fileName></fileName>
                    <title></title>
                    <description></description>
                    <creationDate></creationDate>
                </attachmentMetadata>
                <payloadUrl></payloadUrl>
            </attachment>
        </b4p:attachments>
    </b4p:taskMetaData>
    <b4p:taskOutput></b4p:taskOutput>
    <b4p:status></b4p:status>
    <b4p:user></b4p:user>
</b4p:notifyTaskCompletionRequest>
</bpel:literal>