﻿<bpel:literal xmlns:bpel="http://schemas.xmlsoap.org/ws/2004/03/business-process/" xmlns:wsdl="http://schemas.xmlsoap.org/wsdl/"
    xmlns:b4px="java:org.intalio.tempo.workflow.processes.xpath.UID"
    xmlns:tns="http://www.intalio.com/BPMS/Workflow/TaskManagementServices-20051109/"
    xmlns:xs="http://www.w3.org/2001/XMLSchema"
    xmlns:PreviousProcessTaskManager="http://thisdiagram/PreviousProcessTaskManager"
    xmlns:b4p="http://www.intalio.com/bpms/workflow/ib4p_20051115"
    xmlns:UserBusinessProcess1="http://www.intalio.com/bpms/ubp"
    xmlns:this="http://example.com/TMP/TaskManagementProcess"
    xmlns:diag="http://thisdiagram">
<tns:createRequest>
    <tns:task>
        <tns:metadata>
            <tns:taskId></tns:taskId>
            <tns:taskType></tns:taskType>
            <tns:description></tns:description>
            <tns:processId></tns:processId>
              <tns:instanceId></tns:instanceId>
            <tns:creationDate></tns:creationDate>
            <tns:userOwner></tns:userOwner>
            <tns:roleOwner></tns:roleOwner>
            <tns:deadline></tns:deadline>
            <tns:priority></tns:priority>
            <tns:claimAction></tns:claimAction>
            <tns:revokeAction></tns:revokeAction>
            <tns:saveAction></tns:saveAction>
            <tns:completeAction></tns:completeAction>
            <tns:formUrl></tns:formUrl>
            <tns:userProcessCompleteSOAPAction></tns:userProcessCompleteSOAPAction>
            <tns:userProcessEndpoint></tns:userProcessEndpoint>
            <tns:userProcessNamespaceURI></tns:userProcessNamespaceURI>
            <tns:attachments></tns:attachments>
        </tns:metadata>
        <tns:input>
        	<FormModel />
        </tns:input>
        <tns:output/>
    </tns:task>
    <tns:participantToken></tns:participantToken>
</tns:createRequest>
</bpel:literal>